{"cameraMode":{"drawMode":0,"name":"Shaded","section":"Shading Mode"},"sceneLighting":true,"audioPlay":false,"sceneViewState":{"showFog":true,"showMaterialUpdate":false,"showSkybox":true,"showFlares":true,"showImageEffects":true,"showParticleSystems":true},"in2DMode":false,"pivot":{"x":-3.4292685985565187,"y":1.0119171142578126,"z":-2.0921871662139894},"rotation":{"x":-0.13299347460269929,"y":-0.616445779800415,"z":0.10664840042591095,"w":-0.7687245011329651},"size":10.0,"orthographic":false}